<?xml version="1.0" encoding="UTF-8" standalone="yes"?>
<addon id="plugin.video.fenlight" name="TECHXXX" version="1.0.0" provider-name="Bas">
    <extension point="xbmc.addon.repository" name="TECHXXXREPO">
        <dir>
            <info compressed="false">https://raw.githubusercontent.com/TechXXX/repox/master/repo/zips/addons.xml</info>
            <checksum>https://raw.githubusercontent.com/TechXXX/repox/master/repo/zips/addons.xml.md5</checksum>
            <datadir zip="true">https://raw.githubusercontent.com/TechXXX/repox/master/repo/zips/</datadir>
        </dir>
    </extension>
    <extension point="xbmc.addon.metadata">
        <summary>TECHXXX</summary>
        <description>Tja</description>
        <disclaimer></disclaimer>
        <platform>all</platform>
        <assets>
            <icon>icon.png</icon>
            <fanart>fanart.jpg</fanart>
        </assets>
    </extension>
</addon>
