<?xml version="1.0" encoding="UTF-8" standalone="yes"?>
<addon id="repository.techxxx"
       name="TECHXXX Repository"
       version="1.0.1"
       provider-name="Bas">
  <requires>
    <import addon="xbmc.addon" version="20.0.0"/>
  </requires>

  <extension point="xbmc.addon.repository" name="TECHXXX Repository">
    <dir minversion="21.0.0" maxversion="21.99.99">
      <info compressed="false">https://raw.githubusercontent.com/TechXXX/repox/master/omega/zips/addons.xml</info>
      <checksum>https://raw.githubusercontent.com/TechXXX/repox/master/omega/zips/addons.xml.md5</checksum>
      <datadir zip="true">https://raw.githubusercontent.com/TechXXX/repox/master/omega/zips/</datadir>
    </dir>

    <dir minversion="20.0.0" maxversion="20.99.99">
      <info compressed="false">https://raw.githubusercontent.com/TechXXX/repox/master/repo/zips/addons.xml</info>
      <checksum>https://raw.githubusercontent.com/TechXXX/repox/master/repo/zips/addons.xml.md5</checksum>
      <datadir zip="true">https://raw.githubusercontent.com/TechXXX/repox/master/repo/zips/</datadir>
    </dir>
  </extension>

  <extension point="xbmc.addon.metadata">
    <summary>TECHXXX</summary>
    <description>TECHXXX add-on repository</description>
    <platform>all</platform>
    <assets>
      <icon>icon.png</icon>
      <fanart>fanart.jpg</fanart>
    </assets>
  </extension>
</addon>